{"stats":{"minecraft:custom":{"minecraft:time_since_rest":12161,"minecraft:crouch_one_cm":1051,"minecraft:play_time":27204,"minecraft:sprint_one_cm":17216,"minecraft:deaths":2,"minecraft:damage_taken":685,"minecraft:walk_one_cm":36130,"minecraft:sneak_time":201,"minecraft:jump":113,"minecraft:damage_dealt":5,"minecraft:leave_game":3,"minecraft:walk_on_water_one_cm":194,"minecraft:time_since_death":14560,"minecraft:total_world_time":27204,"minecraft:damage_dealt_absorbed":42,"minecraft:fly_one_cm":12567,"minecraft:fall_one_cm":1732},"minecraft:mined":{"minecraft:grass":6,"biomesoplenty:bush":3,"regions_unexplored:hyssop":1,"minecraft:grass_block":8,"regions_unexplored:daisy":1,"minecraft:moss_carpet":1,"minecraft:oak_leaves":9,"regions_unexplored:fireweed":1},"minecraft:picked_up":{"regions_unexplored:hyssop":1,"regions_unexplored:fireweed":1,"minecraft:dirt":7,"regions_unexplored:daisy":1,"minecraft:moss_carpet":1},"minecraft:used":{"minecraft:dirt":7}},"DataVersion":3465}