{"stats":{"minecraft:custom":{"minecraft:time_since_rest":2565,"minecraft:crouch_one_cm":49,"minecraft:deaths":1,"minecraft:play_time":27798,"minecraft:sprint_one_cm":23197,"minecraft:damage_taken":396,"tombstone:undead_killed":1,"minecraft:walk_one_cm":17732,"minecraft:sneak_time":27,"minecraft:mob_kills":3,"minecraft:drop":2,"minecraft:jump":161,"minecraft:damage_dealt":380,"minecraft:time_since_death":0,"minecraft:total_world_time":27798,"minecraft:fall_one_cm":2761,"minecraft:fly_one_cm":18186},"minecraft:killed":{"minecraft:zombie":1,"minecraft:cow":2},"minecraft:dropped":{"minecraft:rotten_flesh":2},"minecraft:killed_by":{"minecraft:player":1},"minecraft:mined":{"biomesoplenty:bush":1,"minecraft:tall_grass":1},"minecraft:picked_up":{"aether:diamond_gloves":1,"minecraft:rotten_flesh":2,"minecraft:leather":1,"minecraft:beef":4}},"DataVersion":3465}