{"stats":{"minecraft:custom":{"minecraft:time_since_rest":571,"minecraft:crouch_one_cm":49,"minecraft:deaths":1,"minecraft:play_time":38571,"minecraft:sprint_one_cm":24837,"minecraft:damage_taken":396,"tombstone:undead_killed":1,"minecraft:walk_one_cm":19979,"minecraft:sneak_time":27,"minecraft:mob_kills":3,"minecraft:drop":2,"minecraft:jump":196,"minecraft:damage_dealt":380,"minecraft:leave_game":1,"minecraft:time_since_death":894,"minecraft:total_world_time":38571,"minecraft:fall_one_cm":2761,"minecraft:fly_one_cm":19311},"minecraft:killed":{"minecraft:zombie":1,"minecraft:cow":2},"minecraft:dropped":{"minecraft:rotten_flesh":2},"minecraft:killed_by":{"minecraft:player":1},"minecraft:mined":{"biomesoplenty:bush":1,"minecraft:tall_grass":1,"minecraft:oak_leaves":1},"minecraft:picked_up":{"aether:diamond_gloves":1,"minecraft:rotten_flesh":2,"minecraft:leather":1,"minecraft:beef":4}},"DataVersion":3465}