{"stats":{"minecraft:custom":{"minecraft:jump":126,"minecraft:time_since_rest":15798,"minecraft:damage_dealt":380,"tombstone:undead_killed":1,"minecraft:sprint_one_cm":17671,"minecraft:play_time":15798,"minecraft:damage_taken":55,"minecraft:time_since_death":15798,"minecraft:walk_one_cm":16317,"minecraft:total_world_time":15798,"minecraft:mob_kills":3,"minecraft:drop":2,"minecraft:fall_one_cm":2076,"minecraft:fly_one_cm":13805},"minecraft:killed":{"minecraft:cow":2,"minecraft:zombie":1},"minecraft:dropped":{"minecraft:rotten_flesh":2},"minecraft:mined":{"minecraft:tall_grass":1,"biomesoplenty:bush":1},"minecraft:picked_up":{"minecraft:beef":4,"minecraft:rotten_flesh":2,"minecraft:leather":1}},"DataVersion":3465}