{"stats":{"minecraft:dropped":{"minecraft:dirt":1,"securitycraft:mine":1,"autumnity:red_maple_sapling":10,"minecraft:wheat_seeds":1,"minecraft:allium":1,"minecraft:oak_log":1,"autumnity:maple_planks":37,"alexsmobs:animal_dictionary":1,"aether:diamond_gloves":1,"autumnity:orange_maple_sapling":5,"minecraft:wooden_axe":1,"minecraft:obsidian":1,"minecraft:rotten_flesh":1,"justhammers:diamond_destructor_hammer":1,"tombstone:grave_dust":4,"tombstone:gift":1,"autumnity:maple_log":5,"aether_redux:veridium_axe":1,"delightful:green_tea_leaf":1,"securitycraft:ims":1,"minecraft:stick":5},"minecraft:picked_up":{"minecraft:stick":7,"autumnity:red_maple_sapling":10,"minecraft:allium":1,"autumnity:maple_log":16,"minecraft:leather":1,"tombstone:grave_dust":3,"minecraft:dirt":1,"alexsmobs:animal_dictionary":1,"aether:diamond_gloves":1,"minecraft:rotten_flesh":1,"minecraft:wheat_seeds":1,"autumnity:orange_maple_sapling":5,"minecraft:beef":4,"delightful:green_tea_leaf":1},"minecraft:custom":{"minecraft:time_since_rest":1088,"minecraft:sprint_one_cm":48923,"minecraft:damage_taken":200,"minecraft:walk_one_cm":35881,"minecraft:mob_kills":2,"minecraft:drop":24,"minecraft:damage_dealt":592,"minecraft:player_kills":1,"minecraft:interact_with_crafting_table":2,"minecraft:fly_one_cm":479281,"minecraft:open_barrel":4,"minecraft:open_chest":2,"minecraft:crouch_one_cm":2353,"minecraft:play_time":59473,"tombstone:undead_killed":2,"minecraft:deaths":3,"minecraft:sneak_time":1874,"minecraft:jump":378,"minecraft:leave_game":4,"minecraft:time_since_death":1388,"minecraft:total_world_time":59473,"minecraft:climb_one_cm":488,"minecraft:fall_one_cm":894},"minecraft:crafted":{"minecraft:crafting_table":1,"minecraft:wooden_axe":1,"autumnity:maple_planks":44},"minecraft:mined":{"treechop:chopped_log":3,"minecraft:grass":4,"biomesoplenty:bush":6,"minecraft:grass_block":1},"minecraft:killed":{"minecraft:zombie":2},"minecraft:used":{"minecraft:oak_log":1,"minecraft:wooden_axe":7,"minecraft:netherite_sword":3,"minecraft:grass_block":19,"securitycraft:mine":1,"securitycraft:ims":1,"simpleplanes:plane":1,"minecraft:crafting_table":1,"tombstone:gift":2,"aether_redux:veridium_axe":11,"justhammers:diamond_destructor_hammer":13,"minecraft:obsidian":64}},"DataVersion":3465}