{"stats":{"minecraft:custom":{"minecraft:time_since_rest":7756,"minecraft:sprint_one_cm":30900,"minecraft:damage_taken":200,"minecraft:walk_one_cm":21483,"minecraft:mob_kills":2,"minecraft:drop":20,"minecraft:damage_dealt":427,"minecraft:interact_with_crafting_table":2,"minecraft:fly_one_cm":388937,"minecraft:open_barrel":4,"minecraft:open_chest":2,"minecraft:crouch_one_cm":1022,"minecraft:play_time":38391,"tombstone:undead_killed":2,"minecraft:deaths":1,"minecraft:sneak_time":997,"minecraft:jump":198,"minecraft:leave_game":2,"minecraft:time_since_death":8096,"minecraft:total_world_time":38391,"minecraft:climb_one_cm":488,"minecraft:fall_one_cm":418},"minecraft:killed":{"minecraft:zombie":2},"minecraft:dropped":{"minecraft:dirt":1,"securitycraft:mine":1,"autumnity:red_maple_sapling":10,"minecraft:wheat_seeds":1,"minecraft:allium":1,"minecraft:oak_log":1,"autumnity:maple_planks":37,"alexsmobs:animal_dictionary":1,"autumnity:orange_maple_sapling":5,"minecraft:wooden_axe":1,"minecraft:rotten_flesh":1,"justhammers:diamond_destructor_hammer":1,"tombstone:gift":1,"autumnity:maple_log":5,"tombstone:grave_dust":2,"aether_redux:veridium_axe":1,"delightful:green_tea_leaf":1,"securitycraft:ims":1,"minecraft:stick":5},"minecraft:mined":{"treechop:chopped_log":3,"minecraft:grass":2,"biomesoplenty:bush":1,"minecraft:grass_block":1},"minecraft:picked_up":{"minecraft:stick":7,"autumnity:red_maple_sapling":10,"minecraft:allium":1,"autumnity:maple_log":16,"tombstone:grave_dust":2,"minecraft:dirt":1,"minecraft:rotten_flesh":1,"minecraft:wheat_seeds":1,"autumnity:orange_maple_sapling":5,"delightful:green_tea_leaf":1},"minecraft:used":{"minecraft:oak_log":1,"minecraft:wooden_axe":7,"securitycraft:ims":1,"securitycraft:mine":1,"simpleplanes:plane":1,"minecraft:crafting_table":1,"aether_redux:veridium_axe":11,"justhammers:diamond_destructor_hammer":13},"minecraft:crafted":{"minecraft:crafting_table":1,"minecraft:wooden_axe":1,"autumnity:maple_planks":44}},"DataVersion":3465}